<?xml version="1.0" encoding="UTF-8" ?>
<module>
    <name>blockgrouptop</name>
    <displayName><![CDATA[Bloquer Groupe Top]]></displayName>
    <version><![CDATA[1.3.4]]></version>
    <description><![CDATA[Ajoute un bloc permettant aux clients de s&eacute;lectionner une langue pour le contenu de votre magasin.]]></description>
    <author><![CDATA[LeoTheme]]></author>
    <tab><![CDATA[front_office_features]]></tab>
    <is_configurable>1</is_configurable>
    <need_instance>0</need_instance>
	<limited_countries></limited_countries>
</module>