<?xml version="1.0" encoding="UTF-8" ?>
<module>
    <name>appagebuilder</name>
    <displayName><![CDATA[Apollo page Builder]]></displayName>
    <version><![CDATA[2.4.3]]></version>
    <description><![CDATA[Apollo page Builder construire le contenu de votre site.]]></description>
    <author><![CDATA[ApolloTheme]]></author>
    <tab><![CDATA[front_office_features]]></tab>
    <is_configurable>1</is_configurable>
    <need_instance>0</need_instance>
	<limited_countries></limited_countries>
</module>