<?xml version="1.0" encoding="UTF-8" ?>
<module>
    <name>leoslideshow</name>
    <displayName><![CDATA[Leo Diaporama pour votre page d&#039;accueil]]></displayName>
    <version><![CDATA[1.0.6]]></version>
    <description><![CDATA[Ajoute image, texte ou vid&eacute;o &agrave; votre page d&#039;accueil.]]></description>
    <author><![CDATA[LeoTheme]]></author>
    <tab><![CDATA[front_office_features]]></tab>
    <is_configurable>1</is_configurable>
    <need_instance>0</need_instance>
	<limited_countries></limited_countries>
</module>